{"stats":{"minecraft:killed_by":{"minecraft:player":1},"minecraft:crafted":{"minecraft:birch_planks":16,"minecraft:stone_axe":1,"minecraft:crafting_table":1,"minecraft:stick":12,"minecraft:stone_pickaxe":1,"minecraft:wooden_pickaxe":1},"minecraft:custom":{"minecraft:time_since_rest":4931,"minecraft:play_time":5430,"minecraft:sprint_one_cm":15966,"minecraft:walk_one_cm":9330,"minecraft:damage_taken":316,"minecraft:deaths":1,"minecraft:mob_kills":1,"minecraft:jump":96,"minecraft:damage_dealt":78,"minecraft:leave_game":1,"minecraft:time_since_death":4799,"minecraft:total_world_time":5430,"minecraft:interact_with_crafting_table":2,"minecraft:fall_one_cm":2278,"minecraft:fly_one_cm":10977},"minecraft:mined":{"minecraft:grass_block":3,"minecraft:dirt":14,"minecraft:birch_log":4,"minecraft:stone":11,"minecraft:birch_leaves":2,"minecraft:crafting_table":2},"minecraft:used":{"minecraft:stone_axe":1,"minecraft:crafting_table":2,"minecraft:stone_pickaxe":13,"minecraft:wooden_pickaxe":9},"minecraft:picked_up":{"minecraft:birch_log":4,"minecraft:crafting_table":2,"minecraft:dirt":17,"minecraft:mutton":1,"minecraft:white_wool":1,"minecraft:cobblestone":11},"minecraft:killed":{"minecraft:sheep":1}},"DataVersion":3955}