{"stats":{"minecraft:killed_by":{"minecraft:player":1},"minecraft:crafted":{"minecraft:stone_sword":1,"minecraft:birch_planks":48,"minecraft:crafting_table":1,"minecraft:stone_axe":1,"minecraft:stick":8,"minecraft:stone_pickaxe":1},"minecraft:custom":{"minecraft:time_since_rest":5908,"minecraft:play_time":6000,"minecraft:sprint_one_cm":25876,"minecraft:walk_one_cm":5415,"minecraft:damage_taken":257,"minecraft:deaths":1,"minecraft:walk_under_water_one_cm":170,"minecraft:mob_kills":3,"minecraft:jump":130,"minecraft:damage_dealt":280,"minecraft:walk_on_water_one_cm":1333,"minecraft:time_since_death":5838,"minecraft:total_world_time":6000,"minecraft:swim_one_cm":1219,"minecraft:fall_one_cm":2317,"minecraft:interact_with_crafting_table":1,"minecraft:fly_one_cm":22868},"minecraft:mined":{"minecraft:birch_log":12,"minecraft:birch_leaves":1,"minecraft:crafting_table":1},"minecraft:used":{"minecraft:stone_axe":8,"minecraft:stone_sword":5,"minecraft:crafting_table":1,"minecraft:birch_sapling":1},"minecraft:picked_up":{"minecraft:birch_log":12,"minecraft:crafting_table":1,"minecraft:leather":2,"minecraft:beef":4,"minecraft:mutton":1,"minecraft:white_wool":1,"minecraft:birch_sapling":1,"minecraft:cobblestone":11},"minecraft:killed":{"minecraft:sheep":1,"minecraft:cow":2}},"DataVersion":3955}