{"stats":{"minecraft:dropped":{"minecraft:cobblestone":11},"minecraft:crafted":{"minecraft:cooked_beef":3,"minecraft:cooked_porkchop":2,"minecraft:crafting_table":1,"minecraft:stick":8,"minecraft:wooden_pickaxe":1,"minecraft:stone_pickaxe":1,"minecraft:furnace":2,"minecraft:birch_planks":24,"minecraft:stone_axe":1,"minecraft:air":0,"minecraft:cooked_mutton":7},"minecraft:custom":{"minecraft:time_since_rest":12364,"minecraft:interact_with_furnace":14,"minecraft:sprint_one_cm":35041,"minecraft:walk_one_cm":19230,"minecraft:mob_kills":14,"minecraft:drop":1,"minecraft:damage_dealt":1696,"minecraft:swim_one_cm":4807,"minecraft:interact_with_crafting_table":5,"minecraft:fly_one_cm":47677,"minecraft:player_kills":2,"minecraft:play_time":12364,"minecraft:walk_under_water_one_cm":248,"minecraft:jump":261,"minecraft:leave_game":1,"minecraft:time_since_death":12364,"minecraft:walk_on_water_one_cm":961,"minecraft:total_world_time":12364,"minecraft:fall_one_cm":7342},"minecraft:mined":{"minecraft:birch_log":6,"minecraft:pumpkin":1,"minecraft:crafting_table":2,"minecraft:grass_block":2,"minecraft:coal_ore":5,"minecraft:dirt":5,"minecraft:stone":49,"minecraft:sugar_cane":7,"minecraft:oak_leaves":3},"minecraft:used":{"minecraft:stone_pickaxe":26,"minecraft:wooden_pickaxe":28,"minecraft:stone_axe":28,"minecraft:dirt":7,"minecraft:crafting_table":3,"minecraft:furnace":2,"minecraft:cooked_beef":2},"minecraft:picked_up":{"minecraft:birch_log":6,"minecraft:stick":1,"minecraft:crafting_table":2,"minecraft:leather":2,"minecraft:porkchop":8,"minecraft:dirt":7,"minecraft:beef":3,"minecraft:sugar_cane":15,"minecraft:birch_sapling":1,"minecraft:mutton":7,"minecraft:coal":5,"minecraft:white_wool":4,"minecraft:cobblestone":49},"minecraft:killed":{"minecraft:sheep":4,"minecraft:pig":7,"minecraft:salmon":1,"minecraft:cow":2}},"DataVersion":3955}